; Created by WC-DAP 3.0.392

Index,DeployID,Ptt,DepthSensor,Source,Instr,Day,Time,Time Offset,Count,InitLocQ,InitTime,InitLat,InitLon,Deepest,SSTTime,SSTDepth,SSTTemp,Type,Delta,MinDepth,MaxDepth,AttenShallow,AttenDeep,TravelMetric,FoundPrevious,K,LL0,Depth0,LL1,Depth1,LL2,Depth2,LL3,Depth3,LL4,Depth4,LL5,Depth5,LL6,Depth6,LL7,Depth7,LL8,Depth8,LL9,Depth9,LL10,Depth10,LL11,Depth11
,"Larry",141256,0.500000,Transmission,MiniPAT,13-Oct-2015,18:00:00,,,,,,,,,,,Begin,,,,,,,,,,,,,,,,,,,,,,,,,,,,,,,
,"Larry",141256,0.500000,Transmission,MiniPAT,27-Feb-2016,12:00:00,13,,Argos-3,2016-02-28 02:13:02,26.6166,-69.0986,,,,,End,,,,,,,,,,,,,,,,,,,,,,,,,,,,,,,
0,"Larry",141256,0.500000,Transmission,MiniPAT,14-Oct-2015,10:01:15,,4,,,,,46,09:00:00 14-Oct-2015,0,14.9,Dawn,600,16,16,,,0,,16234,63,,85,,100,,117,,133,,141,,160,,159,,162,,,,,,
1,"Larry",141256,0.500000,Transmission,MiniPAT,14-Oct-2015,21:42:30,,4,,,,,34,09:00:00 14-Oct-2015,0,14.9,Dusk,600,16,16,,,0,,5317,158,,151,,136,,123,,106,,88,,73,,51,,45,,,,,,
2,"Larry",141256,0.500000,Transmission,MiniPAT,15-Oct-2015,09:47:30,,1,,,,,34,08:00:00 15-Oct-2015,0,15.1,Dawn,450,16,16,,,0,,47269,47,,62,,74,,90,,100,,118,,136,,146,,152,,,,,,
3,"Larry",141256,0.500000,Transmission,MiniPAT,15-Oct-2015,21:46:15,,1,,,,,40,08:00:00 15-Oct-2015,0,15.1,Dusk,600,16,16,,,0,,1738,157,,148,,135,,117,,96,,79,,63,,50,,41,,,,,,
4,"Larry",141256,0.500000,Transmission,MiniPAT,16-Oct-2015,09:53:45,,3,,,,,40,11:00:00 16-Oct-2015,0,14.9,Dawn,450,16,16,,,0,,43848,66,,72,,89,,109,,120,,135,,147,,156,,162,,,,,,
5,"Larry",141256,0.500000,Transmission,MiniPAT,16-Oct-2015,21:45:00,,3,,,,,75,11:00:00 16-Oct-2015,0,14.9,Dusk,450,16,16,,,0,,12822,152,,147,,134,,123,,111,,99,,82,,66,,54,,,,,,
6,"Larry",141256,0.500000,Transmission,MiniPAT,17-Oct-2015,10:03:45,,3,,,,,75,11:00:00 17-Oct-2015,0,15.4,Dawn,600,16,16,,,0,,26142,64,,91,,106,,120,,135,,141,,150,,156,,157,,,,,,
7,"Larry",141256,0.500000,Transmission,MiniPAT,17-Oct-2015,21:40:00,,3,,,,,120,11:00:00 17-Oct-2015,0,15.4,Dusk,450,16,48,,,0,,13039,161,,142,,126,,123,,121,,106,,77,,50,,39,,,,,,
8,"Larry",141256,0.500000,Transmission,MiniPAT,18-Oct-2015,10:17:30,,4,,,,,120,11:00:00 18-Oct-2015,0,16.2,Dawn,450,16,48,,,0,,47129,67,,85,,100,,112,,125,,136,,149,,157,,165,,,,,,
9,"Larry",141256,0.500000,Transmission,MiniPAT,18-Oct-2015,21:46:15,,4,,,,,,11:00:00 18-Oct-2015,0,16.2,Dusk,450,16,48,,,0,,12371,156,,129,,142,,121,,91,,70,,59,,51,,40,,,,,,
10,"Larry",141256,0.500000,Transmission,MiniPAT,19-Oct-2015,10:17:30,1,4,,,,,,04:00:00 19-Oct-2015,0,16.0,Dawn,300,16,48,,,0,,23233,62,,73,,80,,89,,97,,106,,114,,124,,132,,,,,,
11,"Larry",141256,0.500000,Transmission,MiniPAT,19-Oct-2015,21:33:45,1,4,,,,,,04:00:00 19-Oct-2015,0,16.0,Dusk,450,16,48,,,0,,55364,134,,125,,120,,114,,98,,87,,73,,59,,49,,,,,,
12,"Larry",141256,0.500000,Transmission,MiniPAT,20-Oct-2015,10:06:15,1,7,,,,,64,09:00:00 20-Oct-2015,0,14.1,Dawn,300,16,16,,,0,,30666,71,,80,,93,,100,,95,,103,,127,,144,,151,,,,,,
13,"Larry",141256,0.500000,Transmission,MiniPAT,20-Oct-2015,11:20:00,1,7,,,,,64,09:00:00 20-Oct-2015,0,14.1,Dusk,450,16,48,,,0,,31752,144,,137,,135,,131,,133,,135,,138,,140,,144,,,,,,
14,"Larry",141256,0.500000,Transmission,MiniPAT,21-Oct-2015,09:57:30,1,7,,,,,56,05:00:00 21-Oct-2015,0,14.5,Dawn,600,16,16,,,0,,45733,73,,86,,102,,115,,142,,150,,161,,168,,171,,,,,,
15,"Larry",141256,0.500000,Transmission,MiniPAT,21-Oct-2015,21:25:00,1,7,,,,,,05:00:00 21-Oct-2015,0,14.5,Dusk,600,16,16,,,0,,27176,166,,158,,151,,132,,108,,95,,71,,62,,58,,,,,,
16,"Larry",141256,0.500000,Transmission,MiniPAT,22-Oct-2015,10:00:00,1,3,,,,,84,05:00:00 22-Oct-2015,0,15.5,Dawn,300,16,16,,,0,,13739,63,,64,,72,,84,,100,,113,,120,,129,,129,,,,,,
17,"Larry",141256,0.500000,Transmission,MiniPAT,22-Oct-2015,21:15:00,1,3,,,,,58,05:00:00 22-Oct-2015,0,15.5,Dusk,450,48,48,,,0,,56495,127,,123,,116,,111,,101,,91,,77,,61,,52,,,,,,
18,"Larry",141256,0.500000,Transmission,MiniPAT,23-Oct-2015,10:17:30,1,4,,,,,58,04:00:00 23-Oct-2015,0,13.5,Dawn,450,16,16,,,0,,43664,84,,100,,119,,133,,145,,155,,161,,165,,172,,,,,,
19,"Larry",141256,0.500000,Transmission,MiniPAT,23-Oct-2015,21:11:15,1,4,,,,,,04:00:00 23-Oct-2015,0,13.5,Dusk,600,16,16,,,0,,45802,167,,164,,157,,147,,133,,124,,103,,87,,69,,,,,,
20,"Larry",141256,0.500000,Transmission,MiniPAT,24-Oct-2015,10:32:30,1,5,,,,,,10:00:00 24-Oct-2015,0,14.3,Dawn,300,16,16,,,0,,24497,112,,123,,133,,137,,134,,144,,149,,154,,157,,,,,,
21,"Larry",141256,0.500000,Transmission,MiniPAT,24-Oct-2015,21:35:00,1,5,,,,,250,10:00:00 24-Oct-2015,0,14.3,Dusk,300,16,48,,,0,,12087,142,,133,,123,,107,,94,,86,,76,,66,,56,,,,,,
22,"Larry",141256,0.500000,Transmission,MiniPAT,25-Oct-2015,10:25:00,1,2,,,,,250,10:00:00 25-Oct-2015,0,18.0,Dawn,300,16,80,,,0,,60833,60,,71,,89,,109,,120,,125,,144,,162,,167,,,,,,
23,"Larry",141256,0.500000,Transmission,MiniPAT,25-Oct-2015,20:10:00,1,2,,,,,208,10:00:00 25-Oct-2015,0,18.0,Dusk,900,16,208,,,0,,54892,163,,150,,144,,140,,132,,101,,91,,81,,52,,,,,,
24,"Larry",141256,0.500000,Transmission,MiniPAT,26-Oct-2015,10:25:00,1,3,,,,,184,06:00:00 26-Oct-2015,13,19.8,Dawn,300,48,80,,,0,,18181,79,,87,,95,,106,,114,,120,,123,,129,,136,,,,,,
25,"Larry",141256,0.500000,Transmission,MiniPAT,26-Oct-2015,21:33:45,1,3,,,,,424,06:00:00 26-Oct-2015,13,19.8,Dusk,300,80,80,,,0,,6653,135,,131,,126,,118,,109,,100,,90,,80,,72,,,,,,
26,"Larry",141256,0.500000,Transmission,MiniPAT,27-Oct-2015,10:36:15,1,1,,,,,424,07:00:00 27-Oct-2015,5,19.9,Dawn,600,80,176,,,0,,26395,87,,101,,104,,110,,116,,120,,123,,127,,127,,,,,,
27,"Larry",141256,0.500000,Transmission,MiniPAT,27-Oct-2015,21:20:00,1,1,,,,,,07:00:00 27-Oct-2015,5,19.9,Dusk,450,16,208,,,0,,33539,131,,124,,117,,107,,95,,87,,85,,77,,56,,,,,,
28,"Larry",141256,0.500000,Transmission,MiniPAT,28-Oct-2015,21:36:15,1,2,,,,,,06:00:00 29-Oct-2015,0,20.6,Dusk,300,16,80,,,0,,2279,129,,132,,127,,116,,104,,85,,70,,58,,56,,,,,,
29,"Larry",141256,0.500000,Transmission,MiniPAT,29-Oct-2015,10:17:30,1,5,,,,,536,12:00:00 29-Oct-2015,0,20.5,Dawn,450,16,48,,,0,,22757,99,,108,,117,,127,,139,,152,,155,,161,,162,,,,,,
30,"Larry",141256,0.500000,Transmission,MiniPAT,29-Oct-2015,10:33:45,1,2,,,,,536,06:00:00 29-Oct-2015,0,20.6,Dawn,300,16,48,,,0,,2149,117,,113,,122,,140,,149,,154,,151,,145,,143,,,,,,
31,"Larry",141256,0.500000,Transmission,MiniPAT,29-Oct-2015,22:30:00,2,5,,,,,,12:00:00 29-Oct-2015,0,20.5,Dusk,300,48,112,,,0,,39468,179,,189,,197,,171,,96,,78,,80,,62,,61,,,,,,
32,"Larry",141256,0.500000,Transmission,MiniPAT,30-Oct-2015,10:17:30,2,7,,,,,,10:00:00 30-Oct-2015,0,20.4,Dawn,450,16,48,,,0,,18232,86,,102,,121,,127,,138,,151,,159,,166,,169,,,,,,
33,"Larry",141256,0.500000,Transmission,MiniPAT,30-Oct-2015,21:23:45,2,7,,,,,,10:00:00 30-Oct-2015,0,20.4,Dusk,600,16,176,,,0,,26454,165,,159,,144,,131,,110,,99,,90,,85,,79,,,,,,
34,"Larry",141256,0.500000,Transmission,MiniPAT,31-Oct-2015,10:12:30,2,5,,,,,328,04:00:00 31-Oct-2015,0,20.3,Dawn,450,16,48,,,0,,47103,86,,94,,107,,120,,138,,149,,155,,162,,167,,,,,,
35,"Larry",141256,0.500000,Transmission,MiniPAT,31-Oct-2015,21:18:45,2,5,,,,,288,04:00:00 31-Oct-2015,0,20.3,Dusk,600,16,272,,,0,,35713,162,,154,,137,,143,,150,,139,,140,,86,,45,,,,,,
36,"Larry",141256,0.500000,Transmission,MiniPAT,01-Nov-2015,10:26:15,2,2,,,,,288,03:00:00 01-Nov-2015,0,20.6,Dawn,450,48,176,,,0,,29982,85,,99,,108,,118,,132,,141,,148,,152,,159,,,,,,
37,"Larry",141256,0.500000,Transmission,MiniPAT,01-Nov-2015,21:07:30,2,2,,,,,,03:00:00 01-Nov-2015,0,20.6,Dusk,450,16,80,,,0,,18436,155,,150,,138,,130,,122,,105,,89,,78,,69,,,,,,
38,"Larry",141256,0.500000,Transmission,MiniPAT,02-Nov-2015,10:30:00,2,2,,,,,328,05:00:00 02-Nov-2015,0,14.9,Dawn,300,16,48,,,0,,54744,95,,99,,117,,126,,131,,140,,147,,144,,142,,,,,,
39,"Larry",141256,0.500000,Transmission,MiniPAT,02-Nov-2015,21:17:30,2,2,,,,,,05:00:00 02-Nov-2015,0,14.9,Dusk,450,48,80,,,0,,2780,148,,140,,134,,121,,108,,100,,91,,81,,74,,,,,,
40,"Larry",141256,0.500000,Transmission,MiniPAT,03-Nov-2015,10:20:00,2,3,,,,,288,08:00:00 03-Nov-2015,0,20.5,Dawn,600,16,240,,,0,,27467,90,,111,,127,,138,,146,,155,,159,,162,,166,,,,,,
41,"Larry",141256,0.500000,Transmission,MiniPAT,03-Nov-2015,21:06:15,2,3,,,,,,08:00:00 03-Nov-2015,0,20.5,Dusk,600,48,176,,,0,,6385,164,,158,,151,,138,,123,,115,,97,,84,,80,,,,,,
42,"Larry",141256,0.500000,Transmission,MiniPAT,04-Nov-2015,10:21:15,2,6,,,,,352,10:00:00 04-Nov-2015,0,20.2,Dawn,450,16,16,,,0,,42410,91,,105,,123,,139,,151,,162,,165,,171,,179,,,,,,
43,"Larry",141256,0.500000,Transmission,MiniPAT,04-Nov-2015,21:22:30,2,6,,,,,,10:00:00 04-Nov-2015,0,20.2,Dusk,450,16,48,,,0,,62979,165,,160,,151,,138,,120,,108,,97,,79,,73,,,,,,
44,"Larry",141256,0.500000,Transmission,MiniPAT,05-Nov-2015,10:03:45,2,6,,,,,440,03:00:00 05-Nov-2015,0,20.1,Dawn,450,48,176,,,0,,37947,72,,79,,89,,104,,117,,132,,144,,150,,156,,,,,,
45,"Larry",141256,0.500000,Transmission,MiniPAT,05-Nov-2015,21:06:15,2,6,,,,,,03:00:00 05-Nov-2015,0,20.1,Dusk,600,16,144,,,0,,40361,159,,155,,148,,138,,123,,113,,94,,76,,59,,,,,,
46,"Larry",141256,0.500000,Transmission,MiniPAT,06-Nov-2015,10:28:45,2,4,,,,,228,07:00:00 06-Nov-2015,0,22.0,Dawn,450,16,144,,,0,,17184,85,,102,,113,,132,,138,,144,,147,,150,,153,,,,,,
47,"Larry",141256,0.500000,Transmission,MiniPAT,06-Nov-2015,21:41:15,2,4,,,,,232,07:00:00 06-Nov-2015,0,22.0,Dusk,300,16,16,,,0,,54078,149,,138,,127,,113,,101,,91,,80,,73,,65,,,,,,
48,"Larry",141256,0.500000,Transmission,MiniPAT,07-Nov-2015,10:27:30,2,3,,,,,232,12:00:00 07-Nov-2015,0,20.0,Dawn,600,16,144,,,0,,35080,80,,97,,119,,135,,140,,148,,153,,156,,160,,,,,,
49,"Larry",141256,0.500000,Transmission,MiniPAT,07-Nov-2015,20:55:00,2,3,,,,,,12:00:00 07-Nov-2015,0,20.0,Dusk,750,16,48,,,0,,2772,159,,148,,139,,131,,117,,98,,82,,71,,67,,,,,,
50,"Larry",141256,0.500000,Transmission,MiniPAT,08-Nov-2015,10:32:30,2,1,,,,,,03:00:00 08-Nov-2015,0,19.9,Dawn,450,16,208,,,0,,9335,82,,95,,112,,128,,151,,164,,174,,180,,184,,,,,,
51,"Larry",141256,0.500000,Transmission,MiniPAT,08-Nov-2015,21:16:15,2,1,,,,,,03:00:00 08-Nov-2015,0,19.9,Dusk,600,16,80,,,0,,8176,166,,161,,151,,138,,117,,93,,80,,68,,54,,,,,,
52,"Larry",141256,0.500000,Transmission,MiniPAT,09-Nov-2015,10:23:45,3,2,,,,,288,07:00:00 09-Nov-2015,5,19.6,Dawn,600,48,176,,,0,,26927,66,,76,,88,,107,,122,,133,,139,,144,,150,,,,,,
53,"Larry",141256,0.500000,Transmission,MiniPAT,09-Nov-2015,21:20:00,3,2,,,,,,07:00:00 09-Nov-2015,5,19.6,Dusk,450,16,112,,,0,,64269,152,,144,,134,,124,,112,,104,,93,,79,,67,,,,,,
54,"Larry",141256,0.500000,Transmission,MiniPAT,10-Nov-2015,10:33:45,3,6,,,,,192,12:00:00 10-Nov-2015,0,20.5,Dawn,750,16,176,,,0,,19898,62,,80,,102,,118,,123,,128,,133,,137,,159,,,,,,
55,"Larry",141256,0.500000,Transmission,MiniPAT,10-Nov-2015,21:03:45,3,6,,,,,,12:00:00 10-Nov-2015,0,20.5,Dusk,750,16,80,,,0,,63804,164,,158,,140,,127,,114,,95,,69,,65,,57,,,,,,
56,"Larry",141256,0.500000,Transmission,MiniPAT,11-Nov-2015,10:23:45,3,5,,,,,256,03:00:00 11-Nov-2015,0,20.7,Dawn,450,16,176,,,0,,50549,44,,58,,73,,87,,93,,104,,124,,143,,155,,,,,,
57,"Larry",141256,0.500000,Transmission,MiniPAT,11-Nov-2015,21:06:15,3,5,,,,,224,03:00:00 11-Nov-2015,0,20.7,Dusk,600,16,176,,,0,,57789,148,,142,,124,,110,,95,,78,,75,,66,,44,,,,,,
58,"Larry",141256,0.500000,Transmission,MiniPAT,12-Nov-2015,11:03:45,3,6,,,,,224,07:00:00 12-Nov-2015,0,20.3,Dawn,300,112,176,,,0,,34427,102,,119,,132,,137,,141,,145,,148,,152,,154,,,,,,
59,"Larry",141256,0.500000,Transmission,MiniPAT,12-Nov-2015,21:16:15,3,6,,,,,250,07:00:00 12-Nov-2015,0,20.3,Dusk,300,16,112,,,0,,2127,161,,155,,151,,146,,139,,125,,97,,93,,92,,,,,,
60,"Larry",141256,0.500000,Transmission,MiniPAT,13-Nov-2015,10:38:45,3,5,,,,,250,04:00:00 13-Nov-2015,0,20.4,Dawn,450,16,16,,,0,,7429,74,,97,,112,,127,,142,,152,,158,,166,,171,,,,,,
61,"Larry",141256,0.500000,Transmission,MiniPAT,13-Nov-2015,20:57:30,3,5,,,,,,04:00:00 13-Nov-2015,0,20.4,Dusk,750,48,176,,,0,,31590,163,,151,,132,,119,,98,,80,,61,,51,,43,,,,,,
62,"Larry",141256,0.500000,Transmission,MiniPAT,14-Nov-2015,10:33:45,3,3,,,,,,05:00:00 14-Nov-2015,0,19.1,Dawn,300,16,16,,,0,,60738,54,,68,,77,,95,,107,,119,,129,,135,,144,,,,,,
63,"Larry",141256,0.500000,Transmission,MiniPAT,14-Nov-2015,21:07:30,3,3,,,,,208,05:00:00 14-Nov-2015,0,19.1,Dusk,600,16,176,,,0,,41428,143,,139,,135,,124,,98,,74,,78,,50,,35,,,,,,
64,"Larry",141256,0.500000,Transmission,MiniPAT,15-Nov-2015,10:48:45,3,1,,,,,208,08:00:00 15-Nov-2015,0,19.9,Dawn,300,16,16,,,0,,43263,96,,108,,119,,131,,140,,148,,153,,156,,158,,,,,,
65,"Larry",141256,0.500000,Transmission,MiniPAT,15-Nov-2015,21:42:30,3,1,,,,,,08:00:00 15-Nov-2015,0,19.9,Dusk,300,16,80,,,0,,57441,145,,124,,101,,79,,61,,51,,45,,44,,39,,,,,,
66,"Larry",141256,0.500000,Transmission,MiniPAT,16-Nov-2015,10:26:15,3,2,,,,,164,10:00:00 16-Nov-2015,0,21.8,Dawn,1050,16,112,,,0,,6007,56,,85,,87,,111,,124,,130,,135,,139,,142,,,,,,
67,"Larry",141256,0.500000,Transmission,MiniPAT,16-Nov-2015,21:41:15,3,2,,,,,,10:00:00 16-Nov-2015,0,21.8,Dusk,450,16,16,,,0,,34157,144,,121,,102,,75,,63,,55,,41,,48,,39,,,,,,
68,"Larry",141256,0.500000,Transmission,MiniPAT,17-Nov-2015,10:37:30,3,2,,,,,249,03:00:00 17-Nov-2015,0,20.3,Dawn,450,16,144,,,0,,12464,51,,64,,86,,80,,92,,105,,112,,117,,122,,,,,,
69,"Larry",141256,0.500000,Transmission,MiniPAT,17-Nov-2015,20:58:45,3,2,,,,,,03:00:00 17-Nov-2015,0,20.3,Dusk,600,16,112,,,0,,52456,124,,119,,112,,103,,88,,89,,92,,73,,38,,,,,,
70,"Larry",141256,0.500000,Transmission,MiniPAT,18-Nov-2015,10:46:15,3,4,,,,,272,09:00:00 18-Nov-2015,0,20.5,Dawn,300,16,16,,,0,,49294,99,,116,,127,,135,,143,,149,,153,,157,,161,,,,,,
71,"Larry",141256,0.500000,Transmission,MiniPAT,18-Nov-2015,21:22:30,3,4,,,,,256,09:00:00 18-Nov-2015,0,20.5,Dusk,300,16,16,,,0,,9424,147,,139,,130,,121,,107,,99,,87,,78,,60,,,,,,
72,"Larry",141256,0.500000,Transmission,MiniPAT,19-Nov-2015,10:30:00,3,5,,,,,256,05:00:00 19-Nov-2015,0,21.5,Dawn,300,16,48,,,0,,6614,74,,69,,87,,104,,113,,111,,109,,138,,148,,,,,,
73,"Larry",141256,0.500000,Transmission,MiniPAT,19-Nov-2015,21:21:15,4,5,,,,,248,05:00:00 19-Nov-2015,0,21.5,Dusk,300,16,112,,,0,,47456,140,,132,,123,,115,,103,,88,,64,,55,,56,,,,,,
74,"Larry",141256,0.500000,Transmission,MiniPAT,20-Nov-2015,21:08:45,4,6,,,,,,03:00:00 20-Nov-2015,0,20.7,Dusk,300,16,16,,,0,,23716,142,,137,,129,,119,,109,,98,,86,,79,,55,,,,,,
75,"Larry",141256,0.500000,Transmission,MiniPAT,21-Nov-2015,10:37:30,4,4,,,,,249,03:00:00 21-Nov-2015,0,20.7,Dawn,450,16,208,,,0,,33917,75,,105,,123,,135,,141,,121,,138,,148,,150,,,,,,
76,"Larry",141256,0.500000,Transmission,MiniPAT,21-Nov-2015,10:42:30,4,6,,,,,249,03:00:00 20-Nov-2015,0,20.7,Dawn,300,16,176,,,0,,897,96,,111,,123,,133,,139,,143,,128,,124,,138,,,,,,
77,"Larry",141256,0.500000,Transmission,MiniPAT,21-Nov-2015,20:51:15,4,4,,,,,224,03:00:00 21-Nov-2015,0,20.7,Dusk,600,16,176,,,0,,30773,151,,145,,136,,121,,89,,110,,92,,76,,71,,,,,,
78,"Larry",141256,0.500000,Transmission,MiniPAT,22-Nov-2015,10:52:30,4,7,,,,,224,04:00:00 22-Nov-2015,0,19.6,Dawn,300,16,16,,,0,,8660,118,,126,,140,,148,,155,,159,,162,,159,,160,,,,,,
79,"Larry",141256,0.500000,Transmission,MiniPAT,22-Nov-2015,21:07:30,4,7,,,,,,04:00:00 22-Nov-2015,0,19.6,Dusk,300,16,16,,,0,,16182,145,,143,,132,,123,,120,,112,,99,,79,,62,,,,,,
80,"Larry",141256,0.500000,Transmission,MiniPAT,23-Nov-2015,19:36:15,4,6,,,,,664,18:00:00 23-Nov-2015,0,25.5,Dawn,300,528,624,,,0,,41361,215,,234,,255,,220,,236,,255,,225,,247,,208,,,,,,
81,"Larry",141256,0.500000,Transmission,MiniPAT,23-Nov-2015,21:27:30,4,6,,,,,664,18:00:00 23-Nov-2015,0,25.5,Dusk,300,112,336,,,0,,19527,220,,236,,255,,225,,247,,211,,109,,73,,74,,,,,,
82,"Larry",141256,0.500000,Transmission,MiniPAT,24-Nov-2015,20:56:15,4,6,,,,,,04:00:00 24-Nov-2015,0,22.5,Dusk,300,16,16,,,0,,9969,156,,154,,151,,142,,130,,119,,111,,103,,90,,,,,,
83,"Larry",141256,0.500000,Transmission,MiniPAT,25-Nov-2015,10:36:15,4,4,,,,,728,12:00:00 25-Nov-2015,0,22.5,Dawn,300,16,16,,,0,,42604,114,,125,,132,,136,,146,,153,,156,,159,,162,,,,,,
84,"Larry",141256,0.500000,Transmission,MiniPAT,25-Nov-2015,10:37:30,4,6,,,,,728,04:00:00 24-Nov-2015,0,22.5,Dawn,300,16,16,,,0,,26330,116,,125,,132,,141,,148,,154,,157,,160,,163,,,,,,
85,"Larry",141256,0.500000,Transmission,MiniPAT,25-Nov-2015,20:50:00,4,4,,,,,456,12:00:00 25-Nov-2015,0,22.5,Dusk,300,16,16,,,0,,47336,155,,151,,149,,144,,135,,124,,113,,101,,90,,,,,,
86,"Larry",141256,0.500000,Transmission,MiniPAT,26-Nov-2015,10:42:30,4,5,,,,,456,11:00:00 26-Nov-2015,0,22.0,Dawn,300,16,16,,,0,,32222,127,,137,,145,,150,,154,,156,,158,,163,,165,,,,,,
87,"Larry",141256,0.500000,Transmission,MiniPAT,26-Nov-2015,20:41:15,4,5,,,,,,11:00:00 26-Nov-2015,0,22.0,Dusk,300,16,16,,,0,,1882,162,,157,,155,,151,,150,,147,,136,,127,,117,,,,,,
88,"Larry",141256,0.500000,Transmission,MiniPAT,27-Nov-2015,12:52:30,4,7,,,,,,10:00:00 27-Nov-2015,0,22.2,Dawn,300,304,656,,,0,,61174,246,,253,,255,,255,,255,,255,,255,,255,,255,,,,,,
89,"Larry",141256,0.500000,Transmission,MiniPAT,27-Nov-2015,15:46:15,4,7,,,,,,10:00:00 27-Nov-2015,0,22.2,Dusk,300,16,432,,,0,,26476,255,,255,,254,,243,,216,,194,,182,,179,,179,,,,,,
90,"Larry",141256,0.500000,Transmission,MiniPAT,28-Nov-2015,07:21:15,4,6,,,,,680,06:00:00 28-Nov-2015,23,21.9,Dawn,300,176,208,,,0,,32582,111,,109,,107,,105,,103,,101,,99,,97,,96,,,,,,
91,"Larry",141256,0.500000,Transmission,MiniPAT,28-Nov-2015,12:30:00,4,6,,,,,712,06:00:00 28-Nov-2015,23,21.9,Dusk,300,16,336,,,0,,18878,242,,210,,187,,183,,185,,185,,190,,194,,193,,,,,,
92,"Larry",141256,0.500000,Transmission,MiniPAT,29-Nov-2015,13:57:30,4,3,,,,,704,14:00:00 29-Nov-2015,0,23.0,Dawn,300,16,144,,,0,,3828,210,,196,,192,,191,,195,,193,,194,,192,,199,,,,,,
93,"Larry",141256,0.500000,Transmission,MiniPAT,29-Nov-2015,21:45:00,4,3,,,,,704,14:00:00 29-Nov-2015,0,23.0,Dusk,300,16,176,,,0,,33604,225,,246,,255,,224,,137,,58,,40,,34,,32,,,,,,
94,"Larry",141256,0.500000,Transmission,MiniPAT,30-Nov-2015,15:37:30,5,1,,,,,,15:00:00 30-Nov-2015,0,22.7,Dawn,300,16,80,,,0,,8726,193,,187,,185,,186,,186,,187,,189,,193,,192,,,,,,
95,"Larry",141256,0.500000,Transmission,MiniPAT,30-Nov-2015,16:12:30,5,1,,,,,,15:00:00 30-Nov-2015,0,22.7,Dusk,300,16,16,,,0,,53729,193,,192,,187,,183,,181,,184,,185,,185,,187,,,,,,
96,"Larry",141256,0.500000,Transmission,MiniPAT,01-Dec-2015,14:25:00,5,2,,,,,,14:00:00 01-Dec-2015,0,22.8,Dawn,300,16,368,,,0,,6755,249,,227,,200,,187,,186,,188,,190,,190,,191,,,,,,
97,"Larry",141256,0.500000,Transmission,MiniPAT,01-Dec-2015,21:35:00,5,2,,,,,272,14:00:00 01-Dec-2015,0,22.8,Dusk,300,48,272,,,0,,7458,255,,255,,253,,191,,119,,77,,60,,51,,43,,,,,,
98,"Larry",141256,0.500000,Transmission,MiniPAT,03-Dec-2015,10:23:45,5,4,,,,,696,11:00:00 03-Dec-2015,0,23.6,Dawn,450,16,240,,,0,,22459,90,,105,,118,,136,,144,,152,,160,,164,,200,,,,,,
99,"Larry",141256,0.500000,Transmission,MiniPAT,03-Dec-2015,20:48:45,5,4,,,,,,11:00:00 03-Dec-2015,0,23.6,Dusk,450,16,16,,,0,,8099,164,,161,,155,,145,,130,,115,,100,,82,,70,,,,,,
100,"Larry",141256,0.500000,Transmission,MiniPAT,04-Dec-2015,12:33:45,5,1,,,,,,13:00:00 04-Dec-2015,0,23.5,Dawn,300,16,400,,,0,,40737,245,,227,,208,,186,,177,,181,,189,,188,,185,,,,,,
101,"Larry",141256,0.500000,Transmission,MiniPAT,04-Dec-2015,21:07:30,5,1,,,,,,13:00:00 04-Dec-2015,0,23.5,Dusk,300,16,240,,,0,,40532,181,,169,,155,,136,,117,,106,,97,,86,,75,,,,,,
102,"Larry",141256,0.500000,Transmission,MiniPAT,05-Dec-2015,13:13:45,5,1,,,,,648,13:00:00 05-Dec-2015,0,23.0,Dawn,300,16,304,,,0,,27184,243,,210,,187,,183,,184,,185,,182,,180,,188,,,,,,
103,"Larry",141256,0.500000,Transmission,MiniPAT,05-Dec-2015,22:06:15,5,1,,,,,648,13:00:00 05-Dec-2015,0,23.0,Dusk,300,48,176,,,0,,34133,190,,208,,210,,130,,75,,71,,71,,69,,63,,,,,,
104,"Larry",141256,0.500000,Transmission,MiniPAT,06-Dec-2015,14:58:45,5,1,,,,,,15:00:00 06-Dec-2015,0,24.1,Dawn,300,16,80,,,0,,42526,170,,167,,161,,163,,166,,170,,174,,176,,175,,,,,,
105,"Larry",141256,0.500000,Transmission,MiniPAT,06-Dec-2015,22:06:15,5,1,,,,,,15:00:00 06-Dec-2015,0,24.1,Dusk,300,16,176,,,0,,48633,128,,133,,135,,130,,102,,65,,56,,40,,37,,,,,,
106,"Larry",141256,0.500000,Transmission,MiniPAT,07-Dec-2015,17:20:00,5,4,,,,,,13:00:00 07-Dec-2015,0,25.0,Dawn,300,16,400,,,0,,9982,109,,113,,121,,133,,155,,178,,192,,194,,189,,,,,,
107,"Larry",141256,0.500000,Transmission,MiniPAT,07-Dec-2015,17:51:15,5,4,,,,,,13:00:00 07-Dec-2015,0,25.0,Dusk,300,16,624,,,0,,13846,194,,193,,184,,147,,116,,107,,101,,95,,95,,,,,,
108,"Larry",141256,0.500000,Transmission,MiniPAT,08-Dec-2015,13:41:15,5,3,,,,,,13:00:00 08-Dec-2015,0,25.0,Dawn,300,16,304,,,0,,19966,119,,136,,162,,183,,192,,194,,192,,194,,196,,,,,,
109,"Larry",141256,0.500000,Transmission,MiniPAT,08-Dec-2015,20:05:00,5,3,,,,,,13:00:00 08-Dec-2015,0,25.0,Dusk,300,16,464,,,0,,38034,187,,186,,184,,167,,132,,108,,97,,90,,87,,,,,,
110,"Larry",141256,0.500000,Transmission,MiniPAT,09-Dec-2015,09:48:45,5,2,,,,,,14:00:00 09-Dec-2015,0,24.5,Dawn,1800,16,688,,,0,,6899,46,,52,,58,,65,,71,,77,,83,,151,,189,,,,,,
111,"Larry",141256,0.500000,Transmission,MiniPAT,09-Dec-2015,16:46:15,5,2,,,,,,14:00:00 09-Dec-2015,0,24.5,Dusk,1800,16,688,,,0,,19742,181,,98,,92,,144,,132,,121,,104,,94,,90,,,,,,
112,"Larry",141256,0.500000,Transmission,MiniPAT,10-Dec-2015,14:26:15,5,2,,,,,688,07:00:00 10-Dec-2015,0,24.9,Dawn,1500,16,400,,,0,,7003,100,,178,,176,,169,,169,,174,,171,,177,,182,,,,,,
113,"Larry",141256,0.500000,Transmission,MiniPAT,10-Dec-2015,17:41:15,5,2,,,,,688,07:00:00 10-Dec-2015,0,24.9,Dusk,300,16,496,,,0,,3116,181,,182,,178,,180,,166,,127,,103,,91,,89,,,,,,
114,"Larry",141256,0.500000,Transmission,MiniPAT,11-Dec-2015,12:47:30,6,3,,,,,,14:00:00 11-Dec-2015,0,25.4,Dawn,900,16,464,,,0,,2982,162,,189,,191,,187,,194,,191,,145,,108,,107,,,,,,
115,"Larry",141256,0.500000,Transmission,MiniPAT,11-Dec-2015,17:58:45,6,3,,,,,,14:00:00 11-Dec-2015,0,25.4,Dusk,300,16,336,,,0,,45586,198,,192,,170,,139,,124,,125,,128,,124,,121,,,,,,
116,"Larry",141256,0.500000,Transmission,MiniPAT,12-Dec-2015,12:33:45,6,4,,,,,,06:00:00 12-Dec-2015,0,25.7,Dawn,300,16,208,,,0,,779,230,,196,,176,,178,,182,,182,,184,,185,,184,,,,,,
117,"Larry",141256,0.500000,Transmission,MiniPAT,12-Dec-2015,20:50:00,6,4,,,,,,06:00:00 12-Dec-2015,0,25.7,Dusk,450,16,208,,,0,,58653,226,,169,,171,,168,,156,,146,,135,,121,,101,,,,,,
118,"Larry",141256,0.500000,Transmission,MiniPAT,13-Dec-2015,10:33:45,6,6,,,,,696,09:00:00 13-Dec-2015,0,25.6,Dawn,300,304,656,,,0,,23101,86,,119,,147,,96,,127,,68,,104,,135,,77,,,,,,
119,"Larry",141256,0.500000,Transmission,MiniPAT,13-Dec-2015,21:13:45,6,6,,,,,648,09:00:00 13-Dec-2015,0,25.6,Dusk,300,16,240,,,0,,61318,242,,209,,186,,166,,150,,142,,133,,119,,107,,,,,,
120,"Larry",141256,0.500000,Transmission,MiniPAT,14-Dec-2015,12:00:00,6,7,,,,,648,12:00:00 14-Dec-2015,0,25.2,Dawn,300,16,336,,,0,,61010,255,,244,,206,,179,,179,,189,,189,,190,,189,,,,,,
121,"Larry",141256,0.500000,Transmission,MiniPAT,14-Dec-2015,21:31:15,6,7,,,,,696,12:00:00 14-Dec-2015,0,25.2,Dusk,300,16,176,,,0,,31475,178,,146,,124,,122,,119,,108,,99,,85,,76,,,,,,
122,"Larry",141256,0.500000,Transmission,MiniPAT,15-Dec-2015,12:20:00,6,1,,,,,,08:00:00 15-Dec-2015,0,24.6,Dawn,300,16,272,,,0,,39913,238,,197,,175,,181,,189,,190,,189,,187,,189,,,,,,
123,"Larry",141256,0.500000,Transmission,MiniPAT,15-Dec-2015,20:20:00,6,1,,,,,,08:00:00 15-Dec-2015,0,24.6,Dusk,300,16,496,,,0,,1658,185,,183,,184,,181,,175,,183,,210,,255,,255,,,,,,
124,"Larry",141256,0.500000,Transmission,MiniPAT,16-Dec-2015,22:11:15,6,1,,,,,,15:00:00 16-Dec-2015,0,25.0,Dusk,300,112,208,,,0,,51812,255,,255,,253,,180,,81,,102,,90,,81,,83,,,,,,
125,"Larry",141256,0.500000,Transmission,MiniPAT,16-Dec-2015,22:57:30,6,1,,,,,,15:00:00 16-Dec-2015,0,25.0,Dawn,300,112,176,,,0,,44864,83,,83,,83,,83,,79,,75,,76,,75,,69,,,,,,
126,"Larry",141256,0.500000,Transmission,MiniPAT,17-Dec-2015,13:22:30,6,4,,,,,,09:00:00 17-Dec-2015,0,24.8,Dawn,300,16,240,,,0,,7758,236,,200,,184,,182,,183,,190,,195,,198,,197,,,,,,
127,"Larry",141256,0.500000,Transmission,MiniPAT,17-Dec-2015,22:42:30,6,4,,,,,,09:00:00 17-Dec-2015,0,24.8,Dusk,300,112,176,,,0,,4826,255,,255,,253,,203,,108,,74,,72,,69,,67,,,,,,
128,"Larry",141256,0.500000,Transmission,MiniPAT,18-Dec-2015,10:36:15,6,6,,,,,520,04:00:00 18-Dec-2015,0,24.4,Dawn,300,16,48,,,0,,15641,96,,106,,118,,132,,142,,149,,150,,155,,161,,,,,,
129,"Larry",141256,0.500000,Transmission,MiniPAT,18-Dec-2015,21:28:45,6,6,,,,,,04:00:00 18-Dec-2015,0,24.4,Dusk,300,16,16,,,0,,29462,163,,159,,153,,145,,135,,122,,109,,94,,84,,,,,,
130,"Larry",141256,0.500000,Transmission,MiniPAT,19-Dec-2015,12:06:15,6,12,,,,,,12:00:00 19-Dec-2015,0,25.7,Dawn,300,16,176,,,0,,34897,208,,183,,175,,182,,185,,181,,180,,183,,186,,,,,,
131,"Larry",141256,0.500000,Transmission,MiniPAT,20-Dec-2015,00:15:00,6,12,,,,,,12:00:00 19-Dec-2015,0,25.7,Dusk,300,112,176,,,0,,16155,252,,255,,218,,134,,109,,85,,83,,83,,83,,,,,,
132,"Larry",141256,0.500000,Transmission,MiniPAT,20-Dec-2015,10:47:30,6,9,,,,,616,09:00:00 20-Dec-2015,0,25.5,Dawn,450,16,16,,,0,,58586,122,,136,,146,,150,,153,,155,,161,,165,,168,,,,,,
133,"Larry",141256,0.500000,Transmission,MiniPAT,20-Dec-2015,21:16:15,6,9,,,,,,09:00:00 20-Dec-2015,0,25.5,Dusk,300,16,16,,,0,,1820,164,,161,,155,,150,,144,,134,,123,,110,,99,,,,,,
134,"Larry",141256,0.500000,Transmission,MiniPAT,21-Dec-2015,10:50:00,7,7,,,,,696,10:00:00 21-Dec-2015,0,25.4,Dawn,300,400,656,,,0,,30158,216,,218,,221,,223,,226,,228,,231,,233,,236,,,,,,
135,"Larry",141256,0.500000,Transmission,MiniPAT,21-Dec-2015,21:00:00,7,7,,,,,,10:00:00 21-Dec-2015,0,25.4,Dusk,300,16,16,,,0,,37284,183,,178,,180,,178,,174,,171,,165,,159,,153,,,,,,
136,"Larry",141256,0.500000,Transmission,MiniPAT,22-Dec-2015,15:58:45,7,4,,,,,712,12:00:00 22-Dec-2015,0,26.3,Dusk,300,16,336,,,0,,43210,255,,255,,255,,254,,241,,220,,206,,200,,200,,,,,,
137,"Larry",141256,0.500000,Transmission,MiniPAT,22-Dec-2015,17:56:15,7,4,,,,,712,12:00:00 22-Dec-2015,0,26.3,Dawn,300,80,144,,,0,,59802,231,,226,,224,,221,,224,,225,,228,,233,,229,,,,,,
138,"Larry",141256,0.500000,Transmission,MiniPAT,23-Dec-2015,12:40:00,7,1,,,,,,08:00:00 23-Dec-2015,0,26.0,Dawn,300,80,368,,,0,,49870,213,,225,,221,,218,,217,,219,,231,,248,,255,,,,,,
139,"Larry",141256,0.500000,Transmission,MiniPAT,23-Dec-2015,17:48:45,7,1,,,,,,08:00:00 23-Dec-2015,0,26.0,Dusk,300,16,464,,,0,,27180,255,,255,,255,,251,,232,,214,,202,,199,,197,,,,,,
140,"Larry",141256,0.500000,Transmission,MiniPAT,24-Dec-2015,16:40:00,7,1,,,,,672,14:00:00 24-Dec-2015,0,26.3,Dawn,300,336,432,,,0,,9364,255,,255,,255,,255,,255,,255,,255,,255,,255,,,,,,
141,"Larry",141256,0.500000,Transmission,MiniPAT,24-Dec-2015,23:00:00,7,1,,,,,672,14:00:00 24-Dec-2015,0,26.3,Dusk,300,16,208,,,0,,30424,255,,255,,247,,157,,81,,77,,77,,78,,79,,,,,,
142,"Larry",141256,0.500000,Transmission,MiniPAT,26-Dec-2015,14:26:15,7,3,,,,,,08:00:00 26-Dec-2015,0,26.1,Dawn,300,432,592,,,0,,5173,255,,255,,255,,255,,255,,255,,255,,255,,255,,,,,,
143,"Larry",141256,0.500000,Transmission,MiniPAT,26-Dec-2015,15:08:45,7,3,,,,,,08:00:00 26-Dec-2015,0,26.1,Dusk,300,16,400,,,0,,21773,255,,255,,255,,249,,222,,204,,200,,198,,200,,,,,,
144,"Larry",141256,0.500000,Transmission,MiniPAT,27-Dec-2015,16:01:15,7,3,,,,,520,16:00:00 27-Dec-2015,0,26.1,Dawn,300,16,112,,,0,,36673,221,,217,,221,,211,,198,,196,,197,,199,,199,,,,,,
145,"Larry",141256,0.500000,Transmission,MiniPAT,27-Dec-2015,18:26:15,7,3,,,,,520,16:00:00 27-Dec-2015,0,26.1,Dusk,300,16,336,,,0,,1739,255,,255,,255,,246,,218,,193,,189,,192,,192,,,,,,
146,"Larry",141256,0.500000,Transmission,MiniPAT,28-Dec-2015,10:56:15,7,2,,,,,520,08:00:00 28-Dec-2015,0,25.8,Dawn,750,16,368,,,0,,23001,127,,155,,168,,174,,180,,183,,211,,255,,255,,,,,,
147,"Larry",141256,0.500000,Transmission,MiniPAT,28-Dec-2015,20:15:00,7,2,,,,,,08:00:00 28-Dec-2015,0,25.8,Dusk,900,16,144,,,0,,46812,196,,186,,186,,178,,171,,166,,161,,146,,108,,,,,,
148,"Larry",141256,0.500000,Transmission,MiniPAT,29-Dec-2015,17:52:30,7,2,,,,,,20:00:00 29-Dec-2015,0,25.6,Dusk,300,16,368,,,0,,33142,255,,253,,235,,213,,199,,191,,191,,194,,194,,,,,,
149,"Larry",141256,0.500000,Transmission,MiniPAT,29-Dec-2015,20:43:45,7,2,,,,,,20:00:00 29-Dec-2015,0,25.6,Dawn,300,368,624,,,0,,47888,255,,255,,255,,255,,255,,255,,255,,255,,255,,,,,,
150,"Larry",141256,0.500000,Transmission,MiniPAT,30-Dec-2015,10:56:15,7,3,,,,,432,10:00:00 30-Dec-2015,0,25.3,Dawn,300,16,16,,,0,,8107,121,,132,,143,,149,,156,,162,,165,,170,,174,,,,,,
151,"Larry",141256,0.500000,Transmission,MiniPAT,30-Dec-2015,21:37:30,7,3,,,,,,10:00:00 30-Dec-2015,0,25.3,Dusk,300,16,112,,,0,,42389,189,,170,,159,,156,,150,,140,,130,,119,,108,,,,,,
152,"Larry",141256,0.500000,Transmission,MiniPAT,31-Dec-2015,10:55:00,7,5,,,,,472,12:00:00 31-Dec-2015,0,24.1,Dawn,300,16,16,,,0,,43345,112,,123,,130,,138,,146,,154,,159,,163,,167,,,,,,
153,"Larry",141256,0.500000,Transmission,MiniPAT,31-Dec-2015,21:26:15,7,5,,,,,,12:00:00 31-Dec-2015,0,24.1,Dusk,300,16,336,,,0,,11571,177,,173,,169,,165,,161,,168,,177,,203,,169,,,,,,
154,"Larry",141256,0.500000,Transmission,MiniPAT,01-Jan-2016,15:33:45,8,7,,,,,,11:00:00 01-Jan-2016,0,24.0,Dawn,300,464,752,,,0,,49460,255,,255,,255,,255,,255,,255,,255,,255,,255,,,,,,
155,"Larry",141256,0.500000,Transmission,MiniPAT,01-Jan-2016,17:12:30,8,7,,,,,,11:00:00 01-Jan-2016,0,24.0,Dusk,300,16,400,,,0,,62725,255,,255,,254,,238,,218,,207,,200,,199,,197,,,,,,
156,"Larry",141256,0.500000,Transmission,MiniPAT,02-Jan-2016,15:37:30,8,6,,,,,,12:00:00 02-Jan-2016,0,24.2,Dusk,300,16,368,,,0,,9442,255,,255,,255,,247,,225,,208,,199,,198,,198,,,,,,
157,"Larry",141256,0.500000,Transmission,MiniPAT,02-Jan-2016,19:35:00,8,6,,,,,,12:00:00 02-Jan-2016,0,24.2,Dawn,300,272,688,,,0,,14348,245,,255,,255,,255,,255,,255,,255,,255,,255,,,,,,
158,"Larry",141256,0.500000,Transmission,MiniPAT,03-Jan-2016,21:52:30,8,4,,,,,,07:00:00 04-Jan-2016,0,24.5,Dusk,300,16,272,,,0,,27632,158,,150,,141,,137,,121,,133,,129,,129,,149,,,,,,
159,"Larry",141256,0.500000,Transmission,MiniPAT,04-Jan-2016,11:03:45,8,4,,,,,792,07:00:00 04-Jan-2016,0,24.5,Dawn,300,16,16,,,0,,1322,123,,134,,144,,153,,160,,164,,167,,172,,174,,,,,,
160,"Larry",141256,0.500000,Transmission,MiniPAT,04-Jan-2016,14:31:15,8,6,,,,,,14:00:00 04-Jan-2016,0,24.5,Dawn,300,368,752,,,0,,55893,250,,255,,255,,255,,255,,255,,255,,255,,255,,,,,,
161,"Larry",141256,0.500000,Transmission,MiniPAT,04-Jan-2016,19:41:15,8,6,,,,,,14:00:00 04-Jan-2016,0,24.5,Dusk,300,16,336,,,0,,8406,254,,254,,250,,242,,226,,214,,203,,193,,191,,,,,,
162,"Larry",141256,0.500000,Transmission,MiniPAT,05-Jan-2016,14:06:15,8,7,,,,,,12:00:00 05-Jan-2016,0,24.0,Dawn,300,464,688,,,0,,17462,248,,255,,253,,253,,255,,255,,255,,255,,255,,,,,,
163,"Larry",141256,0.500000,Transmission,MiniPAT,05-Jan-2016,16:43:45,8,7,,,,,,12:00:00 05-Jan-2016,0,24.0,Dusk,300,16,624,,,0,,47632,255,,255,,255,,247,,218,,197,,186,,186,,187,,,,,,
164,"Larry",141256,0.500000,Transmission,MiniPAT,06-Jan-2016,09:50:00,8,5,,,,,680,08:00:00 06-Jan-2016,0,24.1,Dawn,300,16,112,,,0,,26820,42,,42,,42,,42,,39,,39,,60,,84,,46,,,,,,
165,"Larry",141256,0.500000,Transmission,MiniPAT,06-Jan-2016,22:43:45,8,5,,,,,,08:00:00 06-Jan-2016,0,24.1,Dusk,300,16,176,,,0,,11713,248,,255,,228,,197,,75,,34,,32,,31,,31,,,,,,
166,"Larry",141256,0.500000,Transmission,MiniPAT,08-Jan-2016,02:23:45,8,4,,,,,464,02:00:00 07-Jan-2016,0,24.0,Dusk,300,16,144,,,0,,53178,114,,106,,127,,112,,71,,43,,35,,40,,40,,,,,,
167,"Larry",141256,0.500000,Transmission,MiniPAT,08-Jan-2016,10:40:00,8,1,,,,,464,12:00:00 08-Jan-2016,0,24.0,Dawn,600,16,80,,,0,,14324,51,,67,,99,,123,,146,,158,,165,,169,,177,,,,,,
168,"Larry",141256,0.500000,Transmission,MiniPAT,08-Jan-2016,10:46:15,8,4,,,,,464,02:00:00 07-Jan-2016,0,24.0,Dawn,300,16,48,,,0,,60442,63,,73,,87,,102,,113,,126,,139,,148,,155,,,,,,
169,"Larry",141256,0.500000,Transmission,MiniPAT,08-Jan-2016,21:27:30,8,1,,,,,,12:00:00 08-Jan-2016,0,24.0,Dusk,300,16,432,,,0,,473,178,,176,,168,,158,,154,,156,,172,,228,,160,,,,,,
170,"Larry",141256,0.500000,Transmission,MiniPAT,09-Jan-2016,12:22:30,8,5,,,,,,12:00:00 09-Jan-2016,0,23.9,Dawn,300,16,80,,,0,,48129,171,,169,,178,,188,,187,,185,,186,,188,,188,,,,,,
171,"Larry",141256,0.500000,Transmission,MiniPAT,09-Jan-2016,22:13:45,8,5,,,,,,12:00:00 09-Jan-2016,0,23.9,Dusk,300,16,368,,,0,,56238,255,,248,,166,,88,,70,,61,,56,,51,,43,,,,,,
172,"Larry",141256,0.500000,Transmission,MiniPAT,10-Jan-2016,21:31:15,8,6,,,,,,17:00:00 10-Jan-2016,0,24.0,Dusk,300,16,368,,,0,,20061,181,,177,,167,,155,,153,,159,,171,,182,,215,,,,,,
173,"Larry",141256,0.500000,Transmission,MiniPAT,11-Jan-2016,00:16:15,8,6,,,,,,17:00:00 10-Jan-2016,0,24.0,Dawn,300,144,176,,,0,,37026,67,,66,,64,,63,,61,,59,,58,,56,,55,,,,,,
174,"Larry",141256,0.500000,Transmission,MiniPAT,11-Jan-2016,16:23:45,9,6,,,,,,10:00:00 11-Jan-2016,0,24.0,Dawn,300,304,656,,,0,,65303,238,,248,,252,,255,,255,,254,,254,,255,,255,,,,,,
175,"Larry",141256,0.500000,Transmission,MiniPAT,11-Jan-2016,19:21:15,9,6,,,,,,10:00:00 11-Jan-2016,0,24.0,Dusk,300,16,592,,,0,,13848,255,,255,,255,,253,,237,,206,,188,,189,,192,,,,,,
176,"Larry",141256,0.500000,Transmission,MiniPAT,12-Jan-2016,11:13:45,9,7,,,,,712,09:00:00 12-Jan-2016,0,23.8,Dawn,300,16,48,,,0,,48098,108,,124,,133,,141,,146,,151,,157,,161,,165,,,,,,
177,"Larry",141256,0.500000,Transmission,MiniPAT,12-Jan-2016,21:48:45,9,7,,,,,712,09:00:00 12-Jan-2016,0,23.8,Dusk,300,16,16,,,0,,31133,158,,153,,148,,141,,132,,125,,117,,104,,82,,,,,,
178,"Larry",141256,0.500000,Transmission,MiniPAT,13-Jan-2016,21:11:15,9,5,,,,,,15:00:00 13-Jan-2016,0,24.1,Dusk,600,16,80,,,0,,34108,179,,172,,175,,170,,162,,149,,142,,124,,91,,,,,,
179,"Larry",141256,0.500000,Transmission,MiniPAT,13-Jan-2016,22:58:45,9,5,,,,,,15:00:00 13-Jan-2016,0,24.1,Dawn,300,176,208,,,0,,44503,107,,83,,95,,88,,83,,100,,86,,85,,103,,,,,,
180,"Larry",141256,0.500000,Transmission,MiniPAT,14-Jan-2016,12:55:00,9,3,,,,,,10:00:00 14-Jan-2016,0,24.0,Dawn,300,16,80,,,0,,10817,208,,191,,187,,187,,188,,189,,191,,191,,189,,,,,,
181,"Larry",141256,0.500000,Transmission,MiniPAT,14-Jan-2016,22:46:15,9,3,,,,,,10:00:00 14-Jan-2016,0,24.0,Dusk,300,80,176,,,0,,18467,242,,255,,255,,205,,110,,92,,106,,91,,88,,,,,,
182,"Larry",141256,0.500000,Transmission,MiniPAT,15-Jan-2016,23:16:15,9,3,,,,,,22:00:00 15-Jan-2016,0,23.3,Dusk,300,80,176,,,0,,11899,119,,113,,149,,72,,63,,68,,61,,64,,61,,,,,,
183,"Larry",141256,0.500000,Transmission,MiniPAT,16-Jan-2016,00:01:15,9,3,,,,,,22:00:00 15-Jan-2016,0,23.3,Dawn,300,80,144,,,0,,43760,55,,50,,49,,54,,59,,61,,59,,56,,53,,,,,,
184,"Larry",141256,0.500000,Transmission,MiniPAT,16-Jan-2016,11:08:45,9,3,,,,,616,11:00:00 16-Jan-2016,0,22.4,Dawn,750,16,16,,,0,,50063,102,,124,,149,,162,,170,,178,,184,,187,,191,,,,,,
185,"Larry",141256,0.500000,Transmission,MiniPAT,16-Jan-2016,23:48:45,9,3,,,,,,11:00:00 16-Jan-2016,0,22.4,Dusk,300,16,208,,,0,,44539,255,,245,,255,,190,,75,,52,,52,,52,,52,,,,,,
186,"Larry",141256,0.500000,Transmission,MiniPAT,17-Jan-2016,21:36:15,9,3,,,,,,16:00:00 17-Jan-2016,0,22.2,Dusk,450,80,112,,,0,,47464,181,,177,,173,,168,,156,,138,,145,,129,,101,,,,,,
187,"Larry",141256,0.500000,Transmission,MiniPAT,17-Jan-2016,23:00:00,9,3,,,,,,16:00:00 17-Jan-2016,0,22.2,Dawn,300,80,176,,,0,,52307,103,,99,,96,,93,,89,,86,,83,,80,,77,,,,,,
188,"Larry",141256,0.500000,Transmission,MiniPAT,18-Jan-2016,12:50:00,9,4,,,,,,06:00:00 18-Jan-2016,0,23.0,Dusk,300,16,656,,,0,,47111,74,,136,,234,,254,,239,,208,,191,,190,,188,,,,,,
189,"Larry",141256,0.500000,Transmission,MiniPAT,18-Jan-2016,13:17:30,9,4,,,,,,06:00:00 18-Jan-2016,0,23.0,Dawn,300,16,80,,,0,,45159,197,,190,,190,,185,,183,,187,,193,,195,,193,,,,,,
190,"Larry",141256,0.500000,Transmission,MiniPAT,20-Jan-2016,12:58:45,9,2,,,,,850,08:00:00 20-Jan-2016,0,23.0,Dawn,300,16,80,,,0,,59849,180,,174,,180,,183,,185,,186,,186,,187,,188,,,,,,
191,"Larry",141256,0.500000,Transmission,MiniPAT,20-Jan-2016,21:46:15,9,2,,,,,850,08:00:00 20-Jan-2016,0,23.0,Dusk,450,16,80,,,0,,37352,168,,165,,162,,152,,144,,138,,126,,106,,86,,,,,,
192,"Larry",141256,0.500000,Transmission,MiniPAT,21-Jan-2016,03:06:15,9,3,,,,,850,04:00:00 21-Jan-2016,0,23.9,Dawn,300,272,272,,,0,,13838,119,,116,,114,,111,,109,,107,,104,,102,,99,,,,,,
193,"Larry",141256,0.500000,Transmission,MiniPAT,21-Jan-2016,23:01:15,9,3,,,,,648,04:00:00 21-Jan-2016,0,23.9,Dusk,300,48,240,,,0,,29937,255,,255,,252,,179,,81,,65,,62,,78,,94,,,,,,
194,"Larry",141256,0.500000,Transmission,MiniPAT,22-Jan-2016,12:32:30,10,4,,,,,,12:00:00 22-Jan-2016,0,23.5,Dawn,300,16,16,,,0,,35570,178,,184,,187,,188,,190,,192,,192,,194,,193,,,,,,
195,"Larry",141256,0.500000,Transmission,MiniPAT,22-Jan-2016,21:35:00,10,4,,,,,,12:00:00 22-Jan-2016,0,23.5,Dusk,450,16,48,,,0,,37506,174,,168,,163,,158,,155,,150,,140,,129,,112,,,,,,
196,"Larry",141256,0.500000,Transmission,MiniPAT,23-Jan-2016,12:33:45,10,5,,,,,,12:00:00 23-Jan-2016,0,23.4,Dusk,300,16,464,,,0,,12015,229,,243,,208,,179,,175,,183,,185,,185,,187,,,,,,
197,"Larry",141256,0.500000,Transmission,MiniPAT,23-Jan-2016,12:51:15,10,5,,,,,,12:00:00 23-Jan-2016,0,23.4,Dawn,300,16,48,,,0,,63940,174,,179,,185,,185,,186,,189,,192,,192,,189,,,,,,
198,"Larry",141256,0.500000,Transmission,MiniPAT,24-Jan-2016,20:00:00,10,5,,,,,688,13:00:00 24-Jan-2016,0,23.0,Dawn,300,560,688,,,0,,31095,255,,255,,255,,255,,255,,255,,255,,255,,255,,,,,,
199,"Larry",141256,0.500000,Transmission,MiniPAT,24-Jan-2016,21:33:45,10,5,,,,,600,13:00:00 24-Jan-2016,0,23.0,Dusk,300,16,496,,,0,,11538,255,,255,,255,,252,,230,,192,,167,,166,,169,,,,,,
200,"Larry",141256,0.500000,Transmission,MiniPAT,25-Jan-2016,11:35:00,10,6,,,,,600,11:00:00 25-Jan-2016,0,22.5,Dawn,450,16,16,,,0,,31270,143,,152,,159,,163,,165,,168,,170,,172,,173,,,,,,
201,"Larry",141256,0.500000,Transmission,MiniPAT,25-Jan-2016,22:16:15,10,6,,,,,,11:00:00 25-Jan-2016,0,22.5,Dusk,300,16,16,,,0,,43770,168,,164,,161,,156,,148,,139,,128,,117,,103,,,,,,
202,"Larry",141256,0.500000,Transmission,MiniPAT,26-Jan-2016,11:17:30,10,5,,,,,416,11:00:00 26-Jan-2016,0,22.5,Dawn,300,16,16,,,0,,25686,105,,119,,132,,142,,149,,154,,158,,164,,168,,,,,,
203,"Larry",141256,0.500000,Transmission,MiniPAT,26-Jan-2016,22:01:15,10,5,,,,,280,11:00:00 26-Jan-2016,0,22.5,Dusk,450,16,112,,,0,,25428,172,,166,,159,,155,,147,,135,,115,,97,,89,,,,,,
204,"Larry",141256,0.500000,Transmission,MiniPAT,27-Jan-2016,11:38:45,10,5,,,,,280,10:00:00 27-Jan-2016,0,22.5,Dawn,300,16,48,,,0,,33057,143,,157,,161,,165,,165,,163,,158,,164,,177,,,,,,
205,"Larry",141256,0.500000,Transmission,MiniPAT,27-Jan-2016,21:53:45,10,5,,,,,696,10:00:00 27-Jan-2016,0,22.5,Dusk,450,16,80,,,0,,57975,157,,157,,148,,145,,138,,129,,119,,106,,82,,,,,,
206,"Larry",141256,0.500000,Transmission,MiniPAT,28-Jan-2016,11:07:30,10,4,,,,,696,07:00:00 28-Jan-2016,0,23.0,Dawn,300,16,16,,,0,,32917,94,,104,,115,,127,,137,,147,,155,,162,,166,,,,,,
207,"Larry",141256,0.500000,Transmission,MiniPAT,28-Jan-2016,21:41:15,10,4,,,,,,07:00:00 28-Jan-2016,0,23.0,Dusk,600,16,176,,,0,,58115,166,,158,,155,,148,,143,,133,,129,,105,,110,,,,,,
208,"Larry",141256,0.500000,Transmission,MiniPAT,29-Jan-2016,12:47:30,10,8,,,,,632,13:00:00 29-Jan-2016,0,22.8,Dawn,300,16,80,,,0,,44071,167,,167,,178,,181,,181,,173,,172,,181,,179,,,,,,
209,"Larry",141256,0.500000,Transmission,MiniPAT,29-Jan-2016,22:02:30,10,8,,,,,632,13:00:00 29-Jan-2016,0,22.8,Dusk,450,16,80,,,0,,35377,173,,155,,149,,142,,133,,120,,108,,101,,73,,,,,,
210,"Larry",141256,0.500000,Transmission,MiniPAT,30-Jan-2016,11:10:00,10,6,,,,,632,11:00:00 30-Jan-2016,0,23.4,Dawn,600,16,48,,,0,,19783,89,,123,,143,,157,,168,,173,,178,,182,,185,,,,,,
211,"Larry",141256,0.500000,Transmission,MiniPAT,31-Jan-2016,00:53:45,10,6,,,,,408,11:00:00 30-Jan-2016,0,23.4,Dusk,300,16,176,,,0,,23170,255,,233,,253,,220,,83,,27,,27,,27,,27,,,,,,
212,"Larry",141256,0.500000,Transmission,MiniPAT,31-Jan-2016,10:47:30,10,4,,,,,408,11:00:00 31-Jan-2016,0,22.5,Dawn,450,16,48,,,0,,59832,50,,60,,74,,94,,122,,141,,153,,167,,175,,,,,,
213,"Larry",141256,0.500000,Transmission,MiniPAT,31-Jan-2016,22:17:30,10,4,,,,,450,11:00:00 31-Jan-2016,0,22.5,Dusk,1350,16,336,,,0,,36881,159,,130,,107,,86,,93,,111,,79,,97,,55,,,,,,
214,"Larry",141256,0.500000,Transmission,MiniPAT,01-Feb-2016,11:13:45,10,2,,,,,450,11:00:00 01-Feb-2016,0,22.4,Dawn,450,16,16,,,0,,1670,105,,120,,136,,149,,158,,168,,175,,179,,182,,,,,,
215,"Larry",141256,0.500000,Transmission,MiniPAT,01-Feb-2016,22:03:45,11,2,,,,,,11:00:00 01-Feb-2016,0,22.4,Dusk,450,16,176,,,0,,9063,179,,173,,155,,149,,140,,125,,106,,90,,118,,,,,,
216,"Larry",141256,0.500000,Transmission,MiniPAT,02-Feb-2016,11:11:15,11,5,,,,,776,10:00:00 02-Feb-2016,0,23.3,Dawn,300,16,16,,,0,,54499,117,,124,,137,,151,,158,,164,,168,,172,,174,,,,,,
217,"Larry",141256,0.500000,Transmission,MiniPAT,02-Feb-2016,22:15:00,11,5,,,,,232,10:00:00 02-Feb-2016,0,23.3,Dusk,300,16,48,,,0,,24116,172,,169,,166,,161,,155,,138,,117,,106,,106,,,,,,
218,"Larry",141256,0.500000,Transmission,MiniPAT,03-Feb-2016,10:46:15,11,3,,,,,232,10:00:00 03-Feb-2016,0,23.3,Dawn,450,16,80,,,0,,15538,42,,75,,100,,115,,132,,145,,156,,164,,172,,,,,,
219,"Larry",141256,0.500000,Transmission,MiniPAT,03-Feb-2016,22:15:00,11,3,,,,,,10:00:00 03-Feb-2016,0,23.3,Dusk,1350,16,176,,,0,,9836,161,,134,,86,,62,,81,,89,,68,,83,,44,,,,,,
220,"Larry",141256,0.500000,Transmission,MiniPAT,04-Feb-2016,12:27:30,11,5,,,,,632,12:00:00 04-Feb-2016,0,22.9,Dawn,300,16,272,,,0,,14975,252,,220,,185,,185,,191,,192,,192,,194,,195,,,,,,
221,"Larry",141256,0.500000,Transmission,MiniPAT,04-Feb-2016,23:22:30,11,5,,,,,632,12:00:00 04-Feb-2016,0,22.9,Dusk,300,16,208,,,0,,20785,255,,255,,255,,224,,88,,29,,29,,30,,30,,,,,,
222,"Larry",141256,0.500000,Transmission,MiniPAT,06-Feb-2016,01:08:45,11,4,,,,,,04:00:00 06-Feb-2016,0,22.7,Dusk,300,16,176,,,0,,16145,120,,109,,122,,63,,25,,26,,27,,28,,28,,,,,,
223,"Larry",141256,0.500000,Transmission,MiniPAT,06-Feb-2016,10:50:00,11,4,,,,,712,04:00:00 06-Feb-2016,0,22.7,Dawn,300,176,528,,,0,,29479,51,,32,,41,,54,,34,,44,,57,,36,,48,,,,,,
224,"Larry",141256,0.500000,Transmission,MiniPAT,06-Feb-2016,16:16:15,11,2,,,,,,13:00:00 06-Feb-2016,0,23.0,Dawn,300,496,688,,,0,,11068,255,,255,,255,,255,,255,,255,,255,,255,,255,,,,,,
225,"Larry",141256,0.500000,Transmission,MiniPAT,06-Feb-2016,17:53:45,11,2,,,,,,13:00:00 06-Feb-2016,0,23.0,Dusk,300,80,464,,,0,,52968,255,,255,,255,,241,,204,,185,,185,,184,,185,,,,,,
226,"Larry",141256,0.500000,Transmission,MiniPAT,07-Feb-2016,12:42:30,11,4,,,,,,13:00:00 07-Feb-2016,0,22.8,Dawn,300,16,144,,,0,,38488,233,,216,,216,,213,,200,,191,,190,,190,,191,,,,,,
227,"Larry",141256,0.500000,Transmission,MiniPAT,07-Feb-2016,18:08:45,11,4,,,,,,13:00:00 07-Feb-2016,0,22.8,Dusk,300,16,16,,,0,,10857,186,,182,,175,,171,,166,,173,,183,,182,,179,,,,,,
228,"Larry",141256,0.500000,Transmission,MiniPAT,08-Feb-2016,10:48:45,11,1,,,,,648,04:00:00 08-Feb-2016,0,22.5,Dawn,300,176,528,,,0,,2364,76,,56,,68,,79,,59,,71,,52,,62,,73,,,,,,
229,"Larry",141256,0.500000,Transmission,MiniPAT,08-Feb-2016,22:13:45,11,1,,,,,,04:00:00 08-Feb-2016,0,22.5,Dusk,600,80,144,,,0,,50637,172,,161,,150,,131,,107,,85,,84,,77,,65,,,,,,
230,"Larry",141256,0.500000,Transmission,MiniPAT,09-Feb-2016,10:31:15,11,2,,,,,328,05:00:00 09-Feb-2016,0,22.0,Dawn,450,16,304,,,0,,61549,48,,55,,62,,68,,75,,83,,109,,138,,152,,,,,,
231,"Larry",141256,0.500000,Transmission,MiniPAT,09-Feb-2016,22:11:15,11,2,,,,,600,05:00:00 09-Feb-2016,0,22.0,Dusk,750,48,208,,,0,,62978,143,,124,,115,,94,,71,,62,,56,,50,,45,,,,,,
232,"Larry",141256,0.500000,Transmission,MiniPAT,11-Feb-2016,10:17:30,11,2,,,,,776,02:00:00 10-Feb-2016,5,22.1,Dusk,300,16,400,,,0,,5977,103,,102,,36,,44,,66,,34,,96,,55,,42,,,,,,
233,"Larry",141256,0.500000,Transmission,MiniPAT,11-Feb-2016,10:52:30,11,2,,,,,776,02:00:00 10-Feb-2016,5,22.1,Dawn,300,336,656,,,0,,32569,55,,42,,88,,47,,36,,77,,36,,44,,66,,,,,,
234,"Larry",141256,0.500000,Transmission,MiniPAT,12-Feb-2016,02:13:45,11,2,,,,,760,23:00:00 11-Feb-2016,0,21.4,Dawn,300,16,144,,,0,,61874,24,,22,,22,,22,,24,,31,,39,,43,,43,,,,,,
235,"Larry",141256,0.500000,Transmission,MiniPAT,12-Feb-2016,04:53:45,12,5,,,,,760,00:00:00 12-Feb-2016,0,21.4,Dawn,300,16,144,,,0,,64069,41,,42,,42,,37,,26,,23,,23,,23,,23,,,,,,
236,"Larry",141256,0.500000,Transmission,MiniPAT,12-Feb-2016,04:57:30,12,2,,,,,760,23:00:00 11-Feb-2016,0,21.4,Dusk,300,16,144,,,0,,7510,42,,42,,39,,28,,23,,23,,23,,23,,23,,,,,,
237,"Larry",141256,0.500000,Transmission,MiniPAT,13-Feb-2016,02:23:45,12,3,,,,,1688,00:00:00 13-Feb-2016,0,22.3,Dusk,450,16,176,,,0,,59939,27,,31,,29,,23,,24,,24,,34,,42,,43,,,,,,
238,"Larry",141256,0.500000,Transmission,MiniPAT,13-Feb-2016,02:28:45,12,5,,,,,1688,00:00:00 12-Feb-2016,0,21.4,Dusk,450,16,240,,,0,,62826,38,,29,,24,,24,,24,,30,,40,,43,,43,,,,,,
239,"Larry",141256,0.500000,Transmission,MiniPAT,13-Feb-2016,03:20:00,12,3,,,,,1688,00:00:00 13-Feb-2016,0,22.3,Dawn,450,16,272,,,0,,38525,43,,43,,43,,43,,43,,40,,25,,24,,24,,,,,,
240,"Larry",141256,0.500000,Transmission,MiniPAT,15-Feb-2016,06:40:00,12,3,,,,,680,03:00:00 15-Feb-2016,0,25.9,Dusk,300,16,144,,,0,,57458,38,,28,,30,,43,,27,,33,,32,,27,,27,,,,,,
241,"Larry",141256,0.500000,Transmission,MiniPAT,15-Feb-2016,08:47:30,12,5,,,,,680,01:00:00 15-Feb-2016,0,25.0,Dawn,300,16,144,,,0,,8441,40,,44,,44,,44,,42,,33,,27,,27,,27,,,,,,
242,"Larry",141256,0.500000,Transmission,MiniPAT,15-Feb-2016,10:10:00,12,3,,,,,680,03:00:00 15-Feb-2016,0,25.9,Dawn,300,112,336,,,0,,5686,29,,38,,28,,30,,42,,28,,30,,47,,28,,,,,,
243,"Larry",141256,0.500000,Transmission,MiniPAT,15-Feb-2016,19:13:45,12,5,,,,,,01:00:00 15-Feb-2016,0,25.0,Dusk,300,16,400,,,0,,20049,47,,28,,34,,29,,31,,31,,35,,33,,41,,,,,,
244,"Larry",141256,0.500000,Transmission,MiniPAT,16-Feb-2016,00:55:00,12,3,,,,,,00:00:00 16-Feb-2016,0,24.2,Dawn,1050,16,144,,,0,,8205,28,,29,,25,,25,,31,,27,,25,,37,,27,,,,,,
245,"Larry",141256,0.500000,Transmission,MiniPAT,16-Feb-2016,03:12:30,12,3,,,,,,00:00:00 16-Feb-2016,0,24.2,Dusk,450,16,176,,,0,,52729,40,,31,,29,,26,,27,,28,,29,,38,,45,,,,,,
246,"Larry",141256,0.500000,Transmission,MiniPAT,17-Feb-2016,04:06:15,12,6,,,,,776,00:00:00 17-Feb-2016,0,24.8,Dawn,1200,16,240,,,0,,58340,38,,45,,45,,45,,45,,45,,45,,45,,31,,,,,,
247,"Larry",141256,0.500000,Transmission,MiniPAT,17-Feb-2016,16:01:15,12,6,,,,,850,00:00:00 17-Feb-2016,0,24.8,Dusk,300,16,336,,,0,,42326,47,,32,,33,,31,,25,,45,,36,,31,,37,,,,,,
248,"Larry",141256,0.500000,Transmission,MiniPAT,18-Feb-2016,01:05:00,12,4,,,,,850,00:00:00 18-Feb-2016,0,24.4,Dawn,600,16,176,,,0,,29324,45,,45,,45,,45,,45,,43,,28,,30,,31,,,,,,
249,"Larry",141256,0.500000,Transmission,MiniPAT,19-Feb-2016,04:21:15,12,4,,,,,680,00:00:00 18-Feb-2016,0,24.4,Dusk,300,16,176,,,0,,29645,48,,48,,48,,47,,37,,28,,28,,28,,28,,,,,,
250,"Larry",141256,0.500000,Transmission,MiniPAT,19-Feb-2016,04:35:00,12,4,,,,,680,06:00:00 19-Feb-2016,32,27.6,Dusk,1800,16,176,,,0,,52746,47,,31,,32,,45,,45,,45,,45,,45,,45,,,,,,
251,"Larry",141256,0.500000,Transmission,MiniPAT,20-Feb-2016,00:31:15,12,3,,,,,,00:00:00 20-Feb-2016,0,19.4,Dawn,1800,16,240,,,0,,29274,20,,27,,25,,43,,24,,23,,28,,41,,43,,,,,,
252,"Larry",141256,0.500000,Transmission,MiniPAT,21-Feb-2016,00:33:45,12,1,,,,,,23:00:00 21-Feb-2016,0,23.1,Dawn,1800,16,176,,,0,,52090,24,,24,,30,,24,,25,,25,,25,,26,,30,,,,,,
253,"Larry",141256,0.500000,Transmission,MiniPAT,21-Feb-2016,08:41:15,12,3,,,,,760,00:00:00 20-Feb-2016,0,19.4,Dusk,300,16,208,,,0,,52545,27,,31,,41,,31,,34,,44,,30,,37,,47,,,,,,
254,"Larry",141256,0.500000,Transmission,MiniPAT,22-Feb-2016,02:28:45,12,2,,,,,792,23:00:00 22-Feb-2016,0,23.9,Dusk,450,16,16,,,0,,33520,35,,29,,31,,26,,26,,26,,28,,31,,31,,,,,,
255,"Larry",141256,0.500000,Transmission,MiniPAT,22-Feb-2016,06:42:30,12,1,,,,,792,23:00:00 21-Feb-2016,0,23.1,Dusk,300,16,208,,,0,,53926,42,,30,,41,,39,,34,,44,,37,,32,,48,,,,,,
256,"Larry",141256,0.500000,Transmission,MiniPAT,22-Feb-2016,23:40:00,13,2,,,,,,23:00:00 22-Feb-2016,0,23.9,Dawn,450,16,48,,,0,,37093,24,,24,,24,,26,,27,,30,,40,,40,,28,,,,,,
257,"Larry",141256,0.500000,Transmission,MiniPAT,24-Feb-2016,11:18:45,13,4,,,,,236,11:00:00 24-Feb-2016,0,24.8,Dawn,300,16,112,,,0,,49275,152,,164,,171,,175,,183,,183,,183,,185,,186,,,,,,
258,"Larry",141256,0.500000,Transmission,MiniPAT,24-Feb-2016,22:02:30,13,4,,,,,,11:00:00 24-Feb-2016,0,24.8,Dusk,600,16,16,,,0,,33004,182,,178,,174,,166,,151,,132,,107,,87,,69,,,,,,
259,"Larry",141256,0.500000,Transmission,MiniPAT,25-Feb-2016,10:18:45,13,3,,,,,16,12:00:00 25-Feb-2016,0,24.6,Dawn,450,16,16,,,0,,23934,87,,94,,107,,125,,144,,156,,164,,174,,179,,,,,,
260,"Larry",141256,0.500000,Transmission,MiniPAT,25-Feb-2016,22:18:45,13,3,,,,,,12:00:00 25-Feb-2016,0,24.6,Dusk,450,16,16,,,0,,14195,176,,171,,164,,158,,142,,125,,106,,91,,76,,,,,,
261,"Larry",141256,0.500000,Transmission,MiniPAT,26-Feb-2016,10:33:45,13,3,,,,,16,12:00:00 26-Feb-2016,0,24.0,Dawn,600,16,16,,,0,,52106,96,,116,,137,,150,,156,,160,,168,,175,,173,,,,,,
262,"Larry",141256,0.500000,Transmission,MiniPAT,26-Feb-2016,21:53:45,13,3,Argos-3,18:27:16 27-Feb-2016,26.6805,-69.0472,,12:00:00 26-Feb-2016,0,24.0,Dusk,600,16,16,,,0,,30628,173,,165,,159,,155,,152,,140,,119,,92,,75,,,,,,
263,"Larry",141256,0.500000,Transmission,MiniPAT,27-Feb-2016,10:18:45,13,2,Argos-3,02:13:02 28-Feb-2016,26.6166,-69.0986,16,07:00:00 27-Feb-2016,0,23.9,Dawn,450,16,16,,,0,,62879,85,,92,,108,,124,,144,,158,,167,,173,,176,,,,,,
264,"Larry",141256,0.500000,Transmission,MiniPAT,27-Feb-2016,21:53:45,13,2,Argos-3,02:13:02 28-Feb-2016,26.6166,-69.0986,,07:00:00 27-Feb-2016,0,23.9,Dusk,600,16,16,,,0,,32969,173,,165,,159,,155,,151,,140,,119,,93,,75,,,,,,
265,"Larry",141256,0.500000,Transmission,MiniPAT,28-Feb-2016,10:26:15,13,3,Argos-3,09:38:01 29-Feb-2016,26.5208,-69.3398,16,08:00:00 28-Feb-2016,0,23.8,Dawn,600,16,16,,,0,,19070,96,,113,,137,,151,,164,,173,,178,,180,,183,,,,,,
266,"Larry",141256,0.500000,Transmission,MiniPAT,28-Feb-2016,22:21:15,13,3,Argos-3,09:38:01 29-Feb-2016,26.5208,-69.3398,,08:00:00 28-Feb-2016,0,23.8,Dusk,450,16,16,,,0,,63910,176,,171,,164,,157,,143,,122,,104,,87,,73,,,,,,
267,"Larry",141256,0.500000,Transmission,MiniPAT,29-Feb-2016,10:20:00,13,4,Argos-3,09:38:01 29-Feb-2016,26.5208,-69.3398,16,10:00:00 29-Feb-2016,0,24.1,Dawn,450,16,16,,,0,,27741,87,,100,,114,,133,,150,,162,,169,,175,,181,,,,,,
268,"Larry",141256,0.500000,Transmission,MiniPAT,29-Feb-2016,22:26:15,13,4,Argos-3,09:38:01 29-Feb-2016,26.5208,-69.3398,,10:00:00 29-Feb-2016,0,24.1,Dusk,450,16,16,,,0,,44547,171,,166,,161,,150,,135,,115,,97,,83,,72,,,,,,
269,"Larry",141256,0.500000,Transmission,MiniPAT,01-Mar-2016,10:11:15,13,2,Argos-3,10:01:22 02-Mar-2016,26.7567,-69.8002,16,05:00:00 01-Mar-2016,0,24.2,Dawn,450,16,16,,,0,,47995,76,,85,,97,,110,,128,,147,,160,,168,,177,,,,,,
270,"Larry",141256,0.500000,Transmission,MiniPAT,01-Mar-2016,22:07:30,13,2,Argos-3,19:17:08 02-Mar-2016,26.8582,-69.8174,16,05:00:00 01-Mar-2016,0,24.2,Dusk,600,16,16,,,0,,36642,180,,175,,170,,164,,152,,131,,106,,85,,70,,,,,,
